lake,spatial_block,0,1
Amatitlan,Amatitlan_1000m_755_1594,1,0
Amatitlan,Amatitlan_1000m_757_1601,126,19
Amatitlan,Amatitlan_1000m_757_1602,4911,833
Amatitlan,Amatitlan_1000m_757_1603,3682,900
Amatitlan,Amatitlan_1000m_758_1601,8258,786
Amatitlan,Amatitlan_1000m_758_1602,20370,3765
Amatitlan,Amatitlan_1000m_758_1603,1218,285
Amatitlan,Amatitlan_1000m_759_1594,2762,0
Amatitlan,Amatitlan_1000m_759_1595,9,0
Amatitlan,Amatitlan_1000m_759_1600,135,38
Amatitlan,Amatitlan_1000m_759_1601,8059,2010
Amatitlan,Amatitlan_1000m_759_1602,14481,3335
Amatitlan,Amatitlan_1000m_760_1594,166,0
Amatitlan,Amatitlan_1000m_760_1595,4,0
Amatitlan,Amatitlan_1000m_760_1600,14318,2583
Amatitlan,Amatitlan_1000m_760_1601,22419,4712
Amatitlan,Amatitlan_1000m_760_1602,10142,2214
Amatitlan,Amatitlan_1000m_760_1603,7,0
Amatitlan,Amatitlan_1000m_761_1599,6120,329
Amatitlan,Amatitlan_1000m_761_1600,18514,2891
Amatitlan,Amatitlan_1000m_761_1601,12542,2565
Amatitlan,Amatitlan_1000m_761_1602,11540,2044
Amatitlan,Amatitlan_1000m_761_1603,1408,299
Amatitlan,Amatitlan_1000m_762_1598,7398,195
Amatitlan,Amatitlan_1000m_762_1599,11046,487
Amatitlan,Amatitlan_1000m_762_1600,5775,1001
Amatitlan,Amatitlan_1000m_762_1601,552,240
Amatitlan,Amatitlan_1000m_762_1602,800,149
Amatitlan,Amatitlan_1000m_762_1603,1,1
Amatitlan,Amatitlan_1000m_763_1596,4186,348
Amatitlan,Amatitlan_1000m_763_1597,18002,823
Amatitlan,Amatitlan_1000m_763_1598,23481,581
Amatitlan,Amatitlan_1000m_763_1599,1883,63
Amatitlan,Amatitlan_1000m_764_1594,1,0
Amatitlan,Amatitlan_1000m_764_1595,1385,106
Amatitlan,Amatitlan_1000m_764_1596,22347,2962
Amatitlan,Amatitlan_1000m_764_1597,26911,589
Amatitlan,Amatitlan_1000m_764_1598,12927,702
Amatitlan,Amatitlan_1000m_764_1601,145,77
Amatitlan,Amatitlan_1000m_765_1595,4020,388
Amatitlan,Amatitlan_1000m_765_1596,16695,2623
Amatitlan,Amatitlan_1000m_765_1597,17982,843
Amatitlan,Amatitlan_1000m_765_1598,15941,945
Amatitlan,Amatitlan_1000m_765_1600,17,0
Amatitlan,Amatitlan_1000m_765_1601,2,0
Amatitlan,Amatitlan_1000m_765_1602,2,0
Amatitlan,Amatitlan_1000m_766_1595,2,0
Amatitlan,Amatitlan_1000m_766_1597,4,0
Amatitlan,Amatitlan_1000m_766_1598,3366,259
Amatitlan,Amatitlan_1000m_767_1597,1,0
Amatitlan,Amatitlan_1000m_767_1598,3,0
Amatitlan,Amatitlan_1000m_767_1603,9,0
Amatitlan,Amatitlan_1000m_768_1603,5,0
Atitlan,Atitlan_1000m_680_1617,102,0
Atitlan,Atitlan_1000m_680_1618,4,0
Atitlan,Atitlan_1000m_681_1617,381,0
Atitlan,Atitlan_1000m_681_1618,348,0
Atitlan,Atitlan_1000m_681_1630,6,0
Atitlan,Atitlan_1000m_682_1615,3,0
Atitlan,Atitlan_1000m_682_1617,10,0
Atitlan,Atitlan_1000m_682_1618,412,0
Atitlan,Atitlan_1000m_682_1619,38,0
Atitlan,Atitlan_1000m_682_1631,2,0
Atitlan,Atitlan_1000m_683_1614,9,0
Atitlan,Atitlan_1000m_683_1618,37,0
Atitlan,Atitlan_1000m_683_1622,88,0
Atitlan,Atitlan_1000m_683_1630,3,0
Atitlan,Atitlan_1000m_684_1614,36,0
Atitlan,Atitlan_1000m_684_1615,11,0
Atitlan,Atitlan_1000m_684_1616,16,0
Atitlan,Atitlan_1000m_684_1625,3143,4
Atitlan,Atitlan_1000m_684_1626,10039,0
Atitlan,Atitlan_1000m_684_1627,390,0
Atitlan,Atitlan_1000m_685_1614,1,0
Atitlan,Atitlan_1000m_685_1615,1,0
Atitlan,Atitlan_1000m_685_1616,4,0
Atitlan,Atitlan_1000m_685_1624,6,0
Atitlan,Atitlan_1000m_685_1625,14927,4
Atitlan,Atitlan_1000m_685_1626,24601,2
Atitlan,Atitlan_1000m_685_1627,6683,8
Atitlan,Atitlan_1000m_686_1621,3,0
Atitlan,Atitlan_1000m_686_1622,13,0
Atitlan,Atitlan_1000m_686_1624,1315,0
Atitlan,Atitlan_1000m_686_1625,16138,2
Atitlan,Atitlan_1000m_686_1626,22236,0
Atitlan,Atitlan_1000m_686_1627,20188,0
Atitlan,Atitlan_1000m_686_1628,4312,0
Atitlan,Atitlan_1000m_687_1617,78,6
Atitlan,Atitlan_1000m_687_1622,57,0
Atitlan,Atitlan_1000m_687_1623,1350,0
Atitlan,Atitlan_1000m_687_1624,17045,0
Atitlan,Atitlan_1000m_687_1625,20239,0
Atitlan,Atitlan_1000m_687_1626,22283,0
Atitlan,Atitlan_1000m_687_1627,24067,15
Atitlan,Atitlan_1000m_687_1628,7558,3
Atitlan,Atitlan_1000m_688_1614,39,0
Atitlan,Atitlan_1000m_688_1615,2,0
Atitlan,Atitlan_1000m_688_1616,13542,343
Atitlan,Atitlan_1000m_688_1617,23891,83
Atitlan,Atitlan_1000m_688_1618,9155,2
Atitlan,Atitlan_1000m_688_1623,11686,2
Atitlan,Atitlan_1000m_688_1624,19977,0
Atitlan,Atitlan_1000m_688_1625,19536,0
Atitlan,Atitlan_1000m_688_1626,21290,1
Atitlan,Atitlan_1000m_688_1627,22979,5
Atitlan,Atitlan_1000m_688_1628,8554,1
Atitlan,Atitlan_1000m_689_1614,5,0
Atitlan,Atitlan_1000m_689_1615,1,0
Atitlan,Atitlan_1000m_689_1616,137,64
Atitlan,Atitlan_1000m_689_1617,12435,268
Atitlan,Atitlan_1000m_689_1618,24710,2
Atitlan,Atitlan_1000m_689_1619,13332,10
Atitlan,Atitlan_1000m_689_1620,2977,2
Atitlan,Atitlan_1000m_689_1621,7531,0
Atitlan,Atitlan_1000m_689_1622,14942,0
Atitlan,Atitlan_1000m_689_1623,22850,0
Atitlan,Atitlan_1000m_689_1624,21810,0
Atitlan,Atitlan_1000m_689_1625,21619,0
Atitlan,Atitlan_1000m_689_1626,21365,0
Atitlan,Atitlan_1000m_689_1627,22413,0
Atitlan,Atitlan_1000m_689_1628,21060,2
Atitlan,Atitlan_1000m_689_1629,4720,0
Atitlan,Atitlan_1000m_690_1618,5129,21
Atitlan,Atitlan_1000m_690_1619,8318,13
Atitlan,Atitlan_1000m_690_1620,13554,46
Atitlan,Atitlan_1000m_690_1621,21633,16
Atitlan,Atitlan_1000m_690_1622,23291,0
Atitlan,Atitlan_1000m_690_1623,22415,0
Atitlan,Atitlan_1000m_690_1624,22132,0
Atitlan,Atitlan_1000m_690_1625,22026,0
Atitlan,Atitlan_1000m_690_1626,21920,0
Atitlan,Atitlan_1000m_690_1627,22558,0
Atitlan,Atitlan_1000m_690_1628,22772,1
Atitlan,Atitlan_1000m_690_1629,5473,0
Atitlan,Atitlan_1000m_691_1614,0,1
Atitlan,Atitlan_1000m_691_1621,10659,36
Atitlan,Atitlan_1000m_691_1622,23712,1
Atitlan,Atitlan_1000m_691_1623,22463,0
Atitlan,Atitlan_1000m_691_1624,22962,0
Atitlan,Atitlan_1000m_691_1625,22337,0
Atitlan,Atitlan_1000m_691_1626,21922,0
Atitlan,Atitlan_1000m_691_1627,21865,0
Atitlan,Atitlan_1000m_691_1628,22877,0
Atitlan,Atitlan_1000m_691_1629,18507,1
Atitlan,Atitlan_1000m_692_1621,1867,5
Atitlan,Atitlan_1000m_692_1622,20552,6
Atitlan,Atitlan_1000m_692_1623,22542,0
Atitlan,Atitlan_1000m_692_1624,22668,0
Atitlan,Atitlan_1000m_692_1625,22138,0
Atitlan,Atitlan_1000m_692_1626,21627,0
Atitlan,Atitlan_1000m_692_1627,20938,0
Atitlan,Atitlan_1000m_692_1628,21939,1
Atitlan,Atitlan_1000m_692_1629,23412,0
Atitlan,Atitlan_1000m_692_1630,3366,0
Atitlan,Atitlan_1000m_693_1616,180,0
Atitlan,Atitlan_1000m_693_1621,570,2
Atitlan,Atitlan_1000m_693_1622,20831,5
Atitlan,Atitlan_1000m_693_1623,22682,0
Atitlan,Atitlan_1000m_693_1624,22189,0
Atitlan,Atitlan_1000m_693_1625,21477,0
Atitlan,Atitlan_1000m_693_1626,21618,0
Atitlan,Atitlan_1000m_693_1627,21252,0
Atitlan,Atitlan_1000m_693_1628,21380,1
Atitlan,Atitlan_1000m_693_1629,23886,0
Atitlan,Atitlan_1000m_693_1630,10007,0
Atitlan,Atitlan_1000m_694_1619,6,0
Atitlan,Atitlan_1000m_694_1622,2989,2
Atitlan,Atitlan_1000m_694_1623,23394,0
Atitlan,Atitlan_1000m_694_1624,21951,1
Atitlan,Atitlan_1000m_694_1625,21085,0
Atitlan,Atitlan_1000m_694_1626,21100,0
Atitlan,Atitlan_1000m_694_1627,20653,1
Atitlan,Atitlan_1000m_694_1628,21446,2
Atitlan,Atitlan_1000m_694_1629,23550,0
Atitlan,Atitlan_1000m_694_1630,10807,0
Atitlan,Atitlan_1000m_695_1622,829,0
Atitlan,Atitlan_1000m_695_1623,22743,2
Atitlan,Atitlan_1000m_695_1624,22044,0
Atitlan,Atitlan_1000m_695_1625,20862,0
Atitlan,Atitlan_1000m_695_1626,20200,0
Atitlan,Atitlan_1000m_695_1627,19869,0
Atitlan,Atitlan_1000m_695_1628,21231,0
Atitlan,Atitlan_1000m_695_1629,23181,0
Atitlan,Atitlan_1000m_695_1630,11610,2
Atitlan,Atitlan_1000m_696_1622,457,1
Atitlan,Atitlan_1000m_696_1623,21624,11
Atitlan,Atitlan_1000m_696_1624,21330,0
Atitlan,Atitlan_1000m_696_1625,20967,0
Atitlan,Atitlan_1000m_696_1626,19550,0
Atitlan,Atitlan_1000m_696_1627,18863,0
Atitlan,Atitlan_1000m_696_1628,19924,1
Atitlan,Atitlan_1000m_696_1629,22399,0
Atitlan,Atitlan_1000m_696_1630,16257,1
Atitlan,Atitlan_1000m_696_1631,614,0
Atitlan,Atitlan_1000m_697_1622,6124,2
Atitlan,Atitlan_1000m_697_1623,20147,3
Atitlan,Atitlan_1000m_697_1624,21284,0
Atitlan,Atitlan_1000m_697_1625,21175,0
Atitlan,Atitlan_1000m_697_1626,19934,0
Atitlan,Atitlan_1000m_697_1627,19622,0
Atitlan,Atitlan_1000m_697_1628,20426,0
Atitlan,Atitlan_1000m_697_1629,22679,2
Atitlan,Atitlan_1000m_697_1630,18567,1
Atitlan,Atitlan_1000m_697_1631,2914,1
Atitlan,Atitlan_1000m_698_1621,2372,1
Atitlan,Atitlan_1000m_698_1622,20604,8
Atitlan,Atitlan_1000m_698_1623,23244,0
Atitlan,Atitlan_1000m_698_1624,21466,0
Atitlan,Atitlan_1000m_698_1625,21659,0
Atitlan,Atitlan_1000m_698_1626,20871,0
Atitlan,Atitlan_1000m_698_1627,20489,0
Atitlan,Atitlan_1000m_698_1628,21907,0
Atitlan,Atitlan_1000m_698_1629,16258,4
Atitlan,Atitlan_1000m_698_1630,3,0
Atitlan,Atitlan_1000m_699_1619,259,3
Atitlan,Atitlan_1000m_699_1620,1213,1
Atitlan,Atitlan_1000m_699_1621,22609,13
Atitlan,Atitlan_1000m_699_1622,23045,0
Atitlan,Atitlan_1000m_699_1623,23332,0
Atitlan,Atitlan_1000m_699_1624,22518,0
Atitlan,Atitlan_1000m_699_1625,22398,0
Atitlan,Atitlan_1000m_699_1626,22179,0
Atitlan,Atitlan_1000m_699_1627,21742,0
Atitlan,Atitlan_1000m_699_1628,23855,0
Atitlan,Atitlan_1000m_699_1629,11364,2
Atitlan,Atitlan_1000m_699_1630,2,0
Atitlan,Atitlan_1000m_699_1631,14,0
Atitlan,Atitlan_1000m_700_1618,779,170
Atitlan,Atitlan_1000m_700_1619,14991,104
Atitlan,Atitlan_1000m_700_1620,22687,1
Atitlan,Atitlan_1000m_700_1621,24027,0
Atitlan,Atitlan_1000m_700_1622,23010,0
Atitlan,Atitlan_1000m_700_1623,23152,0
Atitlan,Atitlan_1000m_700_1624,23106,0
Atitlan,Atitlan_1000m_700_1625,23073,0
Atitlan,Atitlan_1000m_700_1626,22386,0
Atitlan,Atitlan_1000m_700_1627,23741,0
Atitlan,Atitlan_1000m_700_1628,10206,3
Atitlan,Atitlan_1000m_700_1629,7,0
Atitlan,Atitlan_1000m_700_1631,3,0
Atitlan,Atitlan_1000m_701_1617,9,0
Atitlan,Atitlan_1000m_701_1618,1,0
Atitlan,Atitlan_1000m_701_1619,224,0
Atitlan,Atitlan_1000m_701_1620,3553,1
Atitlan,Atitlan_1000m_701_1621,19445,0
Atitlan,Atitlan_1000m_701_1622,22978,0
Atitlan,Atitlan_1000m_701_1623,22852,0
Atitlan,Atitlan_1000m_701_1624,23707,0
Atitlan,Atitlan_1000m_701_1625,24292,0
Atitlan,Atitlan_1000m_701_1626,8966,0
Atitlan,Atitlan_1000m_701_1627,2942,1
Atitlan,Atitlan_1000m_702_1621,7366,2
Atitlan,Atitlan_1000m_702_1622,20332,0
Atitlan,Atitlan_1000m_702_1623,17647,0
Atitlan,Atitlan_1000m_702_1624,14578,5
Atitlan,Atitlan_1000m_702_1625,12338,1
Atitlan,Atitlan_1000m_702_1626,1,0
Atitlan,Atitlan_1000m_703_1614,59,0
Atitlan,Atitlan_1000m_703_1615,32,0
Atitlan,Atitlan_1000m_703_1616,68,0
Atitlan,Atitlan_1000m_703_1617,30,0
Atitlan,Atitlan_1000m_703_1624,64,0
Atitlan,Atitlan_1000m_704_1614,14,0
Atitlan,Atitlan_1000m_704_1617,4,0
Atitlan,Atitlan_1000m_704_1618,327,0
Atitlan,Atitlan_1000m_705_1614,67,0
Atitlan,Atitlan_1000m_705_1615,1,0
Atitlan,Atitlan_1000m_705_1616,1,0
Atitlan,Atitlan_1000m_705_1617,27,0
Atitlan,Atitlan_1000m_705_1618,680,0
Atitlan,Atitlan_1000m_705_1619,28,0
Atitlan,Atitlan_1000m_706_1614,111,0
Atitlan,Atitlan_1000m_706_1615,288,0
Atitlan,Atitlan_1000m_706_1619,643,0
Atitlan,Atitlan_1000m_706_1621,8,0
Atitlan,Atitlan_1000m_706_1622,5,0
Atitlan,Atitlan_1000m_706_1623,17,0
Atitlan,Atitlan_1000m_706_1624,5,0
Atitlan,Atitlan_1000m_707_1615,795,0
Atitlan,Atitlan_1000m_707_1616,42,0
Atitlan,Atitlan_1000m_707_1619,6,0
Atitlan,Atitlan_1000m_707_1624,1,0
Atitlan,Atitlan_1000m_707_1625,3,0
